"patient","cell_type","n_cells","total_cells","proportion","condition"
"C1","Astrocytes",316,3753,0.08419930722089,"Control"
"C1","Pericytes",83,3753,0.0221156408206768,"Control"
"C1","Excitatory",248,3753,0.0660804689581668,"Control"
"C1","Endothelial cells",142,3753,0.0378363975486278,"Control"
"C1","Ependymal",12,3753,0.00319744204636291,"Control"
"C1","DaNs",22,3753,0.00586197708499867,"Control"
"C1","Oligodendrocytes",2275,3753,0.606181721289635,"Control"
"C1","CADPS2+ neurons",0,3753,0,"Control"
"C1","Microglia",192,3753,0.0511590727418066,"Control"
"C1","GABA",44,3753,0.0117239541699973,"Control"
"C1","Inhibitory",163,3753,0.0434319211297629,"Control"
"C1","OPCs",256,3753,0.0682120969890754,"Control"
"C2","DaNs",0,4358,0,"Control"
"C2","Excitatory",613,4358,0.14066085360257,"Control"
"C2","GABA",33,4358,0.00757228086278109,"Control"
"C2","Pericytes",130,4358,0.0298301973382285,"Control"
"C2","CADPS2+ neurons",0,4358,0,"Control"
"C2","Ependymal",134,4358,0.0307480495640202,"Control"
"C2","OPCs",384,4358,0.0881138136759982,"Control"
"C2","Oligodendrocytes",2052,4358,0.470858191831115,"Control"
"C2","Endothelial cells",200,4358,0.0458926112895824,"Control"
"C2","Microglia",206,4358,0.0472693896282698,"Control"
"C2","Astrocytes",259,4358,0.0594309316200092,"Control"
"C2","Inhibitory",347,4358,0.0796236805874254,"Control"
"C3","Ependymal",6,2047,0.00293111871030777,"Control"
"C3","Microglia",109,2047,0.0532486565705911,"Control"
"C3","CADPS2+ neurons",1,2047,0.000488519785051295,"Control"
"C3","Endothelial cells",30,2047,0.0146555935515388,"Control"
"C3","Pericytes",27,2047,0.013190034196385,"Control"
"C3","Astrocytes",274,2047,0.133854421104055,"Control"
"C3","Excitatory",91,2047,0.0444553004396678,"Control"
"C3","Inhibitory",67,2047,0.0327308255984367,"Control"
"C3","OPCs",203,2047,0.0991695163654128,"Control"
"C3","DaNs",0,2047,0,"Control"
"C3","Oligodendrocytes",1235,2047,0.603321934538349,"Control"
"C3","GABA",4,2047,0.00195407914020518,"Control"
"C4","CADPS2+ neurons",0,4199,0,"Control"
"C4","Endothelial cells",64,4199,0.0152417242200524,"Control"
"C4","DaNs",2,4199,0.000476303881876637,"Control"
"C4","Excitatory",146,4199,0.0347701833769945,"Control"
"C4","Inhibitory",56,4199,0.0133365086925458,"Control"
"C4","Ependymal",38,4199,0.00904977375565611,"Control"
"C4","GABA",30,4199,0.00714455822814956,"Control"
"C4","Astrocytes",563,4199,0.134079542748273,"Control"
"C4","Pericytes",53,4199,0.0126220528697309,"Control"
"C4","Oligodendrocytes",2696,4199,0.642057632769707,"Control"
"C4","OPCs",230,4199,0.0547749464158133,"Control"
"C4","Microglia",321,4199,0.0764467730412003,"Control"
"C5","Excitatory",197,2318,0.0849870578084556,"Control"
"C5","Ependymal",10,2318,0.00431406384814495,"Control"
"C5","Pericytes",28,2318,0.0120793787748059,"Control"
"C5","Oligodendrocytes",1412,2318,0.609145815358067,"Control"
"C5","Microglia",140,2318,0.0603968938740293,"Control"
"C5","DaNs",5,2318,0.00215703192407248,"Control"
"C5","Astrocytes",246,2318,0.106125970664366,"Control"
"C5","CADPS2+ neurons",2,2318,0.000862812769628991,"Control"
"C5","Endothelial cells",40,2318,0.0172562553925798,"Control"
"C5","GABA",18,2318,0.00776531492666091,"Control"
"C5","Inhibitory",68,2318,0.0293356341673857,"Control"
"C5","OPCs",152,2318,0.0655737704918033,"Control"
"C6","DaNs",3,5758,0.000521014241055922,"Control"
"C6","Pericytes",337,5758,0.0585272664119486,"Control"
"C6","Ependymal",11,5758,0.00191038555053838,"Control"
"C6","GABA",157,5758,0.0272664119485933,"Control"
"C6","CADPS2+ neurons",0,5758,0,"Control"
"C6","Endothelial cells",529,5758,0.0918721778395276,"Control"
"C6","Microglia",237,5758,0.0411601250434179,"Control"
"C6","OPCs",313,5758,0.0543591524835012,"Control"
"C6","Excitatory",526,5758,0.0913511635984717,"Control"
"C6","Inhibitory",98,5758,0.0170197985411601,"Control"
"C6","Astrocytes",485,5758,0.0842306356373741,"Control"
"C6","Oligodendrocytes",3062,5758,0.531781868704411,"Control"
"PD1","CADPS2+ neurons",11,1943,0.00566134843026248,"PD"
"PD1","Ependymal",38,1943,0.0195573854863613,"PD"
"PD1","Excitatory",173,1943,0.0890375707668554,"PD"
"PD1","Microglia",207,1943,0.106536284096758,"PD"
"PD1","OPCs",105,1943,0.0540401441070509,"PD"
"PD1","Pericytes",67,1943,0.0344827586206897,"PD"
"PD1","Oligodendrocytes",941,1943,0.484302624806999,"PD"
"PD1","Endothelial cells",52,1943,0.0267627380339681,"PD"
"PD1","DaNs",1,1943,0.000514668039114771,"PD"
"PD1","Astrocytes",256,1943,0.131755018013381,"PD"
"PD1","Inhibitory",59,1943,0.0303654143077715,"PD"
"PD1","GABA",33,1943,0.0169840452907874,"PD"
"PD2","Endothelial cells",242,5925,0.0408438818565401,"PD"
"PD2","CADPS2+ neurons",23,5925,0.00388185654008439,"PD"
"PD2","DaNs",15,5925,0.00253164556962025,"PD"
"PD2","Astrocytes",847,5925,0.14295358649789,"PD"
"PD2","Pericytes",178,5925,0.030042194092827,"PD"
"PD2","Excitatory",416,5925,0.070210970464135,"PD"
"PD2","Inhibitory",208,5925,0.0351054852320675,"PD"
"PD2","Ependymal",108,5925,0.0182278481012658,"PD"
"PD2","GABA",73,5925,0.0123206751054852,"PD"
"PD2","Oligodendrocytes",2784,5925,0.469873417721519,"PD"
"PD2","Microglia",653,5925,0.110210970464135,"PD"
"PD2","OPCs",378,5925,0.0637974683544304,"PD"
"PD3","Excitatory",159,3345,0.0475336322869955,"PD"
"PD3","DaNs",0,3345,0,"PD"
"PD3","Oligodendrocytes",1546,3345,0.462182361733931,"PD"
"PD3","CADPS2+ neurons",37,3345,0.0110612855007474,"PD"
"PD3","Ependymal",70,3345,0.0209267563527653,"PD"
"PD3","GABA",10,3345,0.00298953662182362,"PD"
"PD3","Pericytes",83,3345,0.024813153961136,"PD"
"PD3","Astrocytes",466,3345,0.139312406576981,"PD"
"PD3","Microglia",556,3345,0.166218236173393,"PD"
"PD3","OPCs",227,3345,0.0678624813153961,"PD"
"PD3","Endothelial cells",103,3345,0.0307922272047833,"PD"
"PD3","Inhibitory",88,3345,0.0263079222720478,"PD"
"PD4","Ependymal",26,2083,0.0124819971195391,"PD"
"PD4","Pericytes",44,2083,0.0211233797407585,"PD"
"PD4","Endothelial cells",47,2083,0.0225636101776284,"PD"
"PD4","Microglia",129,2083,0.0619299087854057,"PD"
"PD4","DaNs",0,2083,0,"PD"
"PD4","CADPS2+ neurons",0,2083,0,"PD"
"PD4","Inhibitory",36,2083,0.0172827652424388,"PD"
"PD4","OPCs",134,2083,0.0643302928468555,"PD"
"PD4","Astrocytes",285,2083,0.13682189150264,"PD"
"PD4","Excitatory",54,2083,0.0259241478636582,"PD"
"PD4","GABA",40,2083,0.0192030724915987,"PD"
"PD4","Oligodendrocytes",1288,2083,0.618338934229477,"PD"
"PD5","CADPS2+ neurons",46,5706,0.00806168944970207,"PD"
"PD5","Ependymal",83,5706,0.0145460918331581,"PD"
"PD5","Excitatory",414,5706,0.0725552050473186,"PD"
"PD5","Endothelial cells",274,5706,0.0480196284612688,"PD"
"PD5","OPCs",372,5706,0.0651945320715037,"PD"
"PD5","DaNs",26,5706,0.00455660708026639,"PD"
"PD5","Oligodendrocytes",1977,5706,0.346477392218717,"PD"
"PD5","Inhibitory",358,5706,0.0627409744128987,"PD"
"PD5","Microglia",1153,5706,0.202067998597967,"PD"
"PD5","GABA",93,5706,0.0162986330178759,"PD"
"PD5","Astrocytes",711,5706,0.124605678233438,"PD"
"PD5","Pericytes",199,5706,0.034875569575885,"PD"
