"","Astrocytes","CADPS2+ neurons","DaNs","Endothelial cells","Ependymal","Excitatory","GABA","Inhibitory","Microglia","Oligodendrocytes","OPCs","Pericytes"
"0",1,0,0,0,0,3,0,0,3,9754,0,0
"1",0,0,0,0,0,0,0,0,0,5166,0,0
"2",1,1,74,0,0,2430,3,1532,0,1,0,0
"3",0,0,0,0,0,0,0,0,3823,0,0,0
"4",0,0,0,0,0,0,0,0,0,3798,0,0
"5",3017,0,0,2,7,0,0,0,4,4,0,0
"6",0,0,0,0,0,0,0,0,3,0,2750,0
"7",0,0,0,0,0,0,0,0,0,2051,0,0
"8",1664,0,0,0,44,0,0,0,0,1,0,0
"9",0,0,0,1684,0,0,0,0,1,0,0,0
"10",1,0,0,37,0,0,0,0,1,30,0,1229
"11",0,0,0,0,0,0,532,2,0,0,1,0
"12",1,0,0,0,485,0,0,0,0,0,0,0
"13",23,1,0,0,0,57,0,5,3,364,3,0
"14",0,0,0,0,0,350,0,7,0,0,0,0
"15",0,0,0,0,0,195,0,2,0,0,0,0
"16",0,0,0,0,0,0,0,0,65,98,0,0
"17",0,118,0,0,0,2,0,0,0,1,0,0
