"gene_id","baseMean","log2FoldChange","lfcSE","stat","pvalue","padj","gene_symbol","top_celltype","likely_microglia_specific"
"ENSG00000133055",6.38291472576006,3.81903355176089,0.8823730794283,4.32813924268325,1.50374393854794e-05,0.00376447394759684,"MYBPH","Microglia",TRUE
"ENSG00000228651",1213.24973015049,1.24282733850556,0.289279126790137,4.2962911022861,1.73679480256065e-05,0.00412275225263576,NA,"Microglia",TRUE
"ENSG00000285492",16.2778529069261,1.58525786394423,0.38867761082666,4.07859320883604,4.53090366771909e-05,0.00649579060480915,"LOC112267968","Microglia",TRUE
"ENSG00000145703",102.611264097011,1.35811506182674,0.343958064808286,3.94849023988934,7.86456218458264e-05,0.00913518367443232,"IQGAP2","Microglia",TRUE
"ENSG00000136235",108.544371165537,1.39535951699304,0.359198665391346,3.88464560544178,0.000102479262010916,0.010033235946374,"GPNMB","Microglia",TRUE
"ENSG00000117724",7.06752353584637,2.42154048670588,0.665100749155068,3.64086266596778,0.000271726057555596,0.0168145013393378,"CENPF","Microglia",TRUE
"ENSG00000183578",13.2289241913971,2.07033118250369,0.588899177660581,3.51559530228611,0.000438769251244238,0.0236965658348473,"TNFAIP8L3","Microglia",TRUE
"ENSG00000198203",10.0243163706645,2.90942707368586,0.85075779099492,3.41980655890724,0.000626656799479065,0.0291628899640676,"SULT1C2","Microglia",TRUE
"ENSG00000277224",22.0612473709641,-2.66545249172649,0.780959353101623,-3.41304893928282,0.0006424040479719,0.0294367424513706,"H2BC7","Microglia",TRUE
"ENSG00000205056",20.0893560074208,2.66668680441079,0.796468706974411,3.34813757409362,0.000813566142283672,0.0339493883004829,NA,"Microglia",TRUE
"ENSG00000132170",157.759501692125,0.979143884817072,0.29316971512093,3.3398534511424,0.000838226101232355,0.0343595518337729,"PPARG","Microglia",TRUE
"ENSG00000148154",221.738306638835,0.841338488684811,0.254976667740919,3.29966853884723,0.000967990838880567,0.0370807072671709,"UGCG","Microglia",TRUE
"ENSG00000137959",110.341336468391,-1.35353422820671,0.417528859454212,-3.24177406557245,0.00118788155344995,0.0432173992310436,"IFI44L","Microglia",TRUE
"ENSG00000188060",8.85511840911136,3.15772873888553,0.981941503756707,3.21580127411329,0.00130080875981051,0.0462793878183198,"RAB42","Microglia",TRUE
"ENSG00000136732",69.3287211388065,0.809079723272272,0.25418617843689,3.18302013212395,0.00145747480030909,0.0496570237846484,"GYPC","Microglia",TRUE
"ENSG00000266258",40.3858832213644,1.36566235733378,0.430312134935404,3.17365522945055,0.00150532383398316,0.0506297302656962,"LINC01909","Microglia",TRUE
"ENSG00000255240",26.3795776828677,1.6906328164713,0.540899131991892,3.12559720745982,0.00177444413471319,0.0563350035262413,"GLYATL1-AS1","Microglia",TRUE
"ENSG00000135540",638.169376354815,1.17848520003158,0.387342972460592,3.04248504250708,0.00234633477867531,0.0683600152821298,"NHSL1","Microglia",TRUE
"ENSG00000119681",7.98849577341436,2.34259122155911,0.77417042237157,3.02593738260226,0.00247863627864766,0.0701355408083425,"LTBP2","Microglia",TRUE
"ENSG00000261210",22.9033763037582,1.75319889131293,0.585557489827078,2.99406791266673,0.00275284662792167,0.0756379870442234,"CLEC19A","Microglia",TRUE
"ENSG00000086730",219.485551308319,0.499632621768757,0.173054739584167,2.88713630709753,0.00388765768864134,0.0946105602210531,"LAT2","Microglia",TRUE
"ENSG00000173846",50.3922336751438,-0.636149985686561,0.221281220263707,-2.87484850692907,0.0040422139438927,0.0965862341709014,"PLK3","Microglia",TRUE
"ENSG00000110848",46.0357247324584,-1.12836979252761,0.393587123557556,-2.86688696095669,0.00414531044756202,0.0980785870599641,"CD69","Microglia",TRUE
"ENSG00000124813",518.334079343592,0.575618232661643,0.201154947029543,2.86156637538277,0.00421553223235868,0.0992309852175044,"RUNX2","Microglia",TRUE
